{
  "0.25": {
    "gonzalez_r_mean": 1.4369451854665787,
    "da_r_mean": 2.6323430049554526,
    "da_r_mean/gonzalez_r_mean": 1.8319021710634884,
    "da_c_r_mean": 1.2352172744312466,
    "da_c_r_mean/gonzalez_r_mean": 0.8596133568102456,
    "rda_r_mean": 2.1367077766557734,
    "rda_r_mean/gonzalez_r_mean": 1.4869793213176608,
    "rda_c_r_mean": 1.2355849513805888,
    "rda_c_r_mean/gonzalez_r_mean": 0.8598692308359641,
    "psa_r_mean": 1.4624101307759263,
    "psa_r_mean/gonzalez_r_mean": 1.0177215843491476,
    "psa_c_r_mean": 1.2348363352697618,
    "psa_c_r_mean/gonzalez_r_mean": 0.8593482533356401
  },
  "0.5": {
    "gonzalez_r_mean": 2.921774383675623,
    "da_r_mean": 5.2646860099109,
    "da_r_mean/gonzalez_r_mean": 1.8018797205306007,
    "da_c_r_mean": 2.4704345488624933,
    "da_c_r_mean/gonzalez_r_mean": 0.8455254323075626,
    "rda_r_mean": 4.597118798692683,
    "rda_r_mean/gonzalez_r_mean": 1.5733996520667208,
    "rda_c_r_mean": 2.5604801926363505,
    "rda_c_r_mean/gonzalez_r_mean": 0.8763442540061014,
    "psa_r_mean": 2.9052189335172587,
    "psa_r_mean/gonzalez_r_mean": 0.9943337684624584,
    "psa_c_r_mean": 2.6342071327819734,
    "psa_c_r_mean/gonzalez_r_mean": 0.9015778725077714
  },
  "1": {
    "gonzalez_r_mean": 5.737687105249358,
    "da_r_mean": 10.33154776439916,
    "da_r_mean/gonzalez_r_mean": 1.8006467719278245,
    "da_c_r_mean": 5.410025863456089,
    "da_c_r_mean/gonzalez_r_mean": 0.9428931491413161,
    "rda_r_mean": 9.19121523742603,
    "rda_r_mean/gonzalez_r_mean": 1.6019024859367237,
    "rda_c_r_mean": 5.745378628400152,
    "rda_c_r_mean/gonzalez_r_mean": 1.001340526767965,
    "psa_r_mean": 5.578885529944184,
    "psa_r_mean/gonzalez_r_mean": 0.9723230680948274,
    "psa_c_r_mean": 5.015136819529524,
    "psa_c_r_mean/gonzalez_r_mean": 0.8740694163927519
  },
  "2": {
    "gonzalez_r_mean": 9.978427359731576,
    "da_r_mean": 16.857135480045926,
    "da_r_mean/gonzalez_r_mean": 1.6893579391151063,
    "da_c_r_mean": 11.981630189881288,
    "da_c_r_mean/gonzalez_r_mean": 1.2007533610189651,
    "rda_r_mean": 17.074820493335082,
    "rda_r_mean/gonzalez_r_mean": 1.7111735023738652,
    "rda_c_r_mean": 13.462691780974362,
    "rda_c_r_mean/gonzalez_r_mean": 1.3491797149622697,
    "psa_r_mean": 10.02453383615483,
    "psa_r_mean/gonzalez_r_mean": 1.0046206155299902,
    "psa_c_r_mean": 9.244323416398101,
    "psa_c_r_mean/gonzalez_r_mean": 0.9264308976887494
  },
  "4": {
    "gonzalez_r_mean": 13.934634660706626,
    "da_r_mean": 21.608873240109833,
    "da_r_mean/gonzalez_r_mean": 1.5507312366820276,
    "da_c_r_mean": 16.894302652035346,
    "da_c_r_mean/gonzalez_r_mean": 1.21239652587911,
    "rda_r_mean": 24.375799521188473,
    "rda_r_mean/gonzalez_r_mean": 1.7492959173105709,
    "rda_c_r_mean": 19.789108594181172,
    "rda_c_r_mean/gonzalez_r_mean": 1.420138315501245,
    "psa_r_mean": 14.497533700884201,
    "psa_r_mean/gonzalez_r_mean": 1.040395679821076,
    "psa_c_r_mean": 13.754849830455008,
    "psa_c_r_mean/gonzalez_r_mean": 0.9870979875232336
  },
  "8": {
    "gonzalez_r_mean": 19.412768672226946,
    "da_r_mean": 31.701573978419038,
    "da_r_mean/gonzalez_r_mean": 1.6330269274662086,
    "da_c_r_mean": 24.929267695503565,
    "da_c_r_mean/gonzalez_r_mean": 1.2841685859662486,
    "rda_r_mean": 33.048666315702725,
    "rda_r_mean/gonzalez_r_mean": 1.7024190044042558,
    "rda_c_r_mean": 27.089997397008066,
    "rda_c_r_mean/gonzalez_r_mean": 1.3954731473086894,
    "psa_r_mean": 21.347361705214286,
    "psa_r_mean/gonzalez_r_mean": 1.0996556990737278,
    "psa_c_r_mean": 20.092947809110033,
    "psa_c_r_mean/gonzalez_r_mean": 1.0350377191614193
  }
}