{
  "2": {
    "gonzalez_r_mean": 4.809254658858162,
    "da_r_mean": 9.228557857599633,
    "da_r_mean/gonzalez_r_mean": 1.9189164459406531,
    "da_c_r_mean": 4.622268834647681,
    "da_c_r_mean/gonzalez_r_mean": 0.9611195834959432,
    "rda_r_mean": 8.599153258448679,
    "rda_r_mean/gonzalez_r_mean": 1.7880428191944266,
    "rda_c_r_mean": 4.983952156779764,
    "rda_c_r_mean/gonzalez_r_mean": 1.036325274977865,
    "psa_r_mean": 4.983350263832184,
    "psa_r_mean/gonzalez_r_mean": 1.0362001219156394,
    "psa_c_r_mean": 4.482304172478298,
    "psa_c_r_mean/gonzalez_r_mean": 0.9320163914011803
  },
  "4": {
    "gonzalez_r_mean": 5.499355323655172,
    "da_r_mean": 12.147269461455137,
    "da_r_mean/gonzalez_r_mean": 2.208853355811422,
    "da_c_r_mean": 5.518970508301141,
    "da_c_r_mean/gonzalez_r_mean": 1.0035668152886204,
    "rda_r_mean": 11.704980824383117,
    "rda_r_mean/gonzalez_r_mean": 2.12842781299015,
    "rda_c_r_mean": 5.687165514872321,
    "rda_c_r_mean/gonzalez_r_mean": 1.034151310501668,
    "psa_r_mean": 6.394366369720755,
    "psa_r_mean/gonzalez_r_mean": 1.1627483574694186,
    "psa_c_r_mean": 5.772243065793094,
    "psa_c_r_mean/gonzalez_r_mean": 1.049621769476162
  },
  "8": {
    "gonzalez_r_mean": 6.66431221504663,
    "da_r_mean": 15.559896419861413,
    "da_r_mean/gonzalez_r_mean": 2.334809042219001,
    "da_c_r_mean": 7.053096134122716,
    "da_c_r_mean/gonzalez_r_mean": 1.0583381910286696,
    "rda_r_mean": 14.168496630952792,
    "rda_r_mean/gonzalez_r_mean": 2.126025338213188,
    "rda_c_r_mean": 6.804806032413399,
    "rda_c_r_mean/gonzalez_r_mean": 1.0210815179171173,
    "psa_r_mean": 7.55816173191077,
    "psa_r_mean/gonzalez_r_mean": 1.134124796081134,
    "psa_c_r_mean": 6.8562996558262945,
    "psa_c_r_mean/gonzalez_r_mean": 1.0288082902758062
  },
  "16": {
    "gonzalez_r_mean": 8.24257102438564,
    "da_r_mean": 24.06009077647297,
    "da_r_mean/gonzalez_r_mean": 2.9190031490527906,
    "da_c_r_mean": 10.429984368868546,
    "da_c_r_mean/gonzalez_r_mean": 1.2653799813203241,
    "rda_r_mean": 21.61604134246705,
    "rda_r_mean/gonzalez_r_mean": 2.6224877260403345,
    "rda_c_r_mean": 9.84775687475002,
    "rda_c_r_mean/gonzalez_r_mean": 1.1947433447179816,
    "psa_r_mean": 10.922129359194457,
    "psa_r_mean/gonzalez_r_mean": 1.3250876852478852,
    "psa_c_r_mean": 10.042730468725717,
    "psa_c_r_mean/gonzalez_r_mean": 1.2183978080400286
  },
  "32": {
    "gonzalez_r_mean": 10.595766955130687,
    "da_r_mean": 39.22230599417229,
    "da_r_mean/gonzalez_r_mean": 3.7016957960914803,
    "da_c_r_mean": 15.180986499243874,
    "da_c_r_mean/gonzalez_r_mean": 1.43274069385727,
    "rda_r_mean": 31.870718171764356,
    "rda_r_mean/gonzalez_r_mean": 3.007872701119753,
    "rda_c_r_mean": 13.63295269536176,
    "rda_c_r_mean/gonzalez_r_mean": 1.2866414251174527,
    "psa_r_mean": 15.774852325652457,
    "psa_r_mean/gonzalez_r_mean": 1.4887881540291854,
    "psa_c_r_mean": 14.599593859206529,
    "psa_c_r_mean/gonzalez_r_mean": 1.3778704194826696
  },
  "64": {
    "gonzalez_r_mean": 13.902697828558841,
    "da_r_mean": 52.226181949126094,
    "da_r_mean/gonzalez_r_mean": 3.7565501741570886,
    "da_c_r_mean": 18.218195325737483,
    "da_c_r_mean/gonzalez_r_mean": 1.3104071994080007,
    "rda_r_mean": 42.517014050707175,
    "rda_r_mean/gonzalez_r_mean": 3.058184431180614,
    "rda_c_r_mean": 18.218195325737483,
    "rda_c_r_mean/gonzalez_r_mean": 1.3104071994080007,
    "psa_r_mean": 19.59844795037425,
    "psa_r_mean/gonzalez_r_mean": 1.4096866803876895,
    "psa_c_r_mean": 18.003528971459282,
    "psa_c_r_mean/gonzalez_r_mean": 1.2949665736441842
  },
  "128": {
    "gonzalez_r_mean": 18.566328919831815,
    "da_r_mean": 74.74920156317366,
    "da_r_mean/gonzalez_r_mean": 4.026062550433949,
    "da_c_r_mean": 24.57665342399343,
    "da_c_r_mean/gonzalez_r_mean": 1.323721750816427,
    "rda_r_mean": 64.68885318494756,
    "rda_r_mean/gonzalez_r_mean": 3.484202691025769,
    "rda_c_r_mean": 24.57665342399343,
    "rda_c_r_mean/gonzalez_r_mean": 1.323721750816427,
    "psa_r_mean": 26.211230132921063,
    "psa_r_mean/gonzalez_r_mean": 1.411761595202769,
    "psa_c_r_mean": 24.3164859680239,
    "psa_c_r_mean/gonzalez_r_mean": 1.3097088860711714
  },
  "256": {
    "gonzalez_r_mean": 25.130392989989858,
    "da_r_mean": 109.66953491927029,
    "da_r_mean/gonzalez_r_mean": 4.3640198926835225,
    "da_c_r_mean": 33.39890065996444,
    "da_c_r_mean/gonzalez_r_mean": 1.329024208784485,
    "rda_r_mean": 88.89204595133495,
    "rda_r_mean/gonzalez_r_mean": 3.5372326245253367,
    "rda_c_r_mean": 33.39890065996444,
    "rda_c_r_mean/gonzalez_r_mean": 1.329024208784485,
    "psa_r_mean": 36.95804737599303,
    "psa_r_mean/gonzalez_r_mean": 1.4706513897619693,
    "psa_c_r_mean": 33.461727764619056,
    "psa_c_r_mean/gonzalez_r_mean": 1.3315242534387666
  }
}