{
  "2": {
    "gonzalez_r_mean": 5.356330229065438,
    "da_r_mean": 9.234049568845228,
    "da_r_mean/gonzalez_r_mean": 1.7239507599322093,
    "da_c_r_mean": 5.199954947664127,
    "da_c_r_mean/gonzalez_r_mean": 0.970805518944153,
    "rda_r_mean": 7.910934379657854,
    "rda_r_mean/gonzalez_r_mean": 1.4769317875007377,
    "rda_c_r_mean": 5.022727932264317,
    "rda_c_r_mean/gonzalez_r_mean": 0.9377181236901954,
    "psa_r_mean": 4.923546789163929,
    "psa_r_mean/gonzalez_r_mean": 0.9192015015144015,
    "psa_c_r_mean": 4.474054070380011,
    "psa_c_r_mean/gonzalez_r_mean": 0.8352834644328183
  },
  "4": {
    "gonzalez_r_mean": 5.700331298506537,
    "da_r_mean": 9.771682099828036,
    "da_r_mean/gonzalez_r_mean": 1.7142305575095567,
    "da_c_r_mean": 5.806111668828097,
    "da_c_r_mean/gonzalez_r_mean": 1.0185568811323782,
    "rda_r_mean": 8.547841679480372,
    "rda_r_mean/gonzalez_r_mean": 1.4995341905337802,
    "rda_c_r_mean": 5.943527132467186,
    "rda_c_r_mean/gonzalez_r_mean": 1.0426634560739243,
    "psa_r_mean": 5.065194786667735,
    "psa_r_mean/gonzalez_r_mean": 0.8885790178537158,
    "psa_c_r_mean": 4.632268258817328,
    "psa_c_r_mean/gonzalez_r_mean": 0.8126314096920934
  },
  "8": {
    "gonzalez_r_mean": 5.483053460177225,
    "da_r_mean": 9.108007493176805,
    "da_r_mean/gonzalez_r_mean": 1.6611195858889936,
    "da_c_r_mean": 5.769958742535685,
    "da_c_r_mean/gonzalez_r_mean": 1.0523258225443577,
    "rda_r_mean": 8.325641365637717,
    "rda_r_mean/gonzalez_r_mean": 1.5184315502494867,
    "rda_c_r_mean": 6.27350574256618,
    "rda_c_r_mean/gonzalez_r_mean": 1.1441627896080018,
    "psa_r_mean": 5.295880914802513,
    "psa_r_mean/gonzalez_r_mean": 0.9658634469398987,
    "psa_c_r_mean": 4.852982102074776,
    "psa_c_r_mean/gonzalez_r_mean": 0.8850875041291164
  },
  "16": {
    "gonzalez_r_mean": 5.2942540240705505,
    "da_r_mean": 9.156844089885766,
    "da_r_mean/gonzalez_r_mean": 1.729581551669751,
    "da_c_r_mean": 6.3884698704032,
    "da_c_r_mean/gonzalez_r_mean": 1.206679891323263,
    "rda_r_mean": 8.808350710219095,
    "rda_r_mean/gonzalez_r_mean": 1.6637567200537706,
    "rda_c_r_mean": 7.13170894135927,
    "rda_c_r_mean/gonzalez_r_mean": 1.347065877257618,
    "psa_r_mean": 5.424252336510629,
    "psa_r_mean/gonzalez_r_mean": 1.0245546042651215,
    "psa_c_r_mean": 4.968519994664716,
    "psa_c_r_mean/gonzalez_r_mean": 0.9384740460270944
  },
  "32": {
    "gonzalez_r_mean": 5.085853001767158,
    "da_r_mean": 9.533097189470128,
    "da_r_mean/gonzalez_r_mean": 1.874434276051177,
    "da_c_r_mean": 7.312745050739789,
    "da_c_r_mean/gonzalez_r_mean": 1.4378600891922875,
    "rda_r_mean": 9.553452821222022,
    "rda_r_mean/gonzalez_r_mean": 1.878436678744456,
    "rda_c_r_mean": 7.961347591662591,
    "rda_c_r_mean/gonzalez_r_mean": 1.5653908181963374,
    "psa_r_mean": 5.40107390895621,
    "psa_r_mean/gonzalez_r_mean": 1.0619799485119847,
    "psa_c_r_mean": 5.039230871822259,
    "psa_c_r_mean/gonzalez_r_mean": 0.99083297729433
  },
  "64": {
    "gonzalez_r_mean": 4.833300581573858,
    "da_r_mean": 8.955812027222406,
    "da_r_mean/gonzalez_r_mean": 1.8529391822567225,
    "da_c_r_mean": 7.6091998181026375,
    "da_c_r_mean/gonzalez_r_mean": 1.5743278717469853,
    "rda_r_mean": 9.164138916691929,
    "rda_r_mean/gonzalez_r_mean": 1.8960415893910387,
    "rda_c_r_mean": 7.955320876350077,
    "rda_c_r_mean/gonzalez_r_mean": 1.6459396104348227,
    "psa_r_mean": 5.3667817923010155,
    "psa_r_mean/gonzalez_r_mean": 1.1103761708429567,
    "psa_c_r_mean": 5.153456625473359,
    "psa_c_r_mean/gonzalez_r_mean": 1.0662396303511603
  },
  "128": {
    "gonzalez_r_mean": 4.568295286714122,
    "da_r_mean": 8.728028330346028,
    "da_r_mean/gonzalez_r_mean": 1.910565710524355,
    "da_c_r_mean": 7.689291611156364,
    "da_c_r_mean/gonzalez_r_mean": 1.6831862059177678,
    "rda_r_mean": 9.39961944375995,
    "rda_r_mean/gonzalez_r_mean": 2.0575770290280198,
    "rda_c_r_mean": 8.27488663723613,
    "rda_c_r_mean/gonzalez_r_mean": 1.8113729778593364,
    "psa_r_mean": 5.071141635126877,
    "psa_r_mean/gonzalez_r_mean": 1.1100730834705832,
    "psa_c_r_mean": 4.9083007537228065,
    "psa_c_r_mean/gonzalez_r_mean": 1.0744272087659297
  }
}