{
  "1": {
    "psa_r_mean": 10.33154776439916,
    "psa_c_r_mean": 5.410025863456089
  },
  "2": {
    "psa_r_mean": 6.917818337296891,
    "psa_c_r_mean": 4.988174464672636
  },
  "4": {
    "psa_r_mean": 6.085291362542951,
    "psa_c_r_mean": 4.913062414187449
  },
  "8": {
    "psa_r_mean": 5.8176077532731405,
    "psa_c_r_mean": 5.043645494049612
  },
  "16": {
    "psa_r_mean": 5.578885529944184,
    "psa_c_r_mean": 5.015136819529524
  },
  "32": {
    "psa_r_mean": 5.317859152265085,
    "psa_c_r_mean": 5.028996218188389
  },
  "64": {
    "psa_r_mean": 5.202517018147872,
    "psa_c_r_mean": 5.026571164413332
  },
  "128": {
    "psa_r_mean": 5.12075953917465,
    "psa_c_r_mean": 5.026571164413332
  },
  "256": {
    "psa_r_mean": 5.080429287072323,
    "psa_c_r_mean": 5.026571164413332
  }
}