{
  "1": {
    "psa_r_mean": 31.701573978419038,
    "psa_c_r_mean": 24.929267695503565
  },
  "2": {
    "psa_r_mean": 26.791939796049277,
    "psa_c_r_mean": 24.50616348658699
  },
  "4": {
    "psa_r_mean": 24.058549428075445,
    "psa_c_r_mean": 22.431160347710463
  },
  "8": {
    "psa_r_mean": 22.330942898308578,
    "psa_c_r_mean": 21.0343818158813
  },
  "16": {
    "psa_r_mean": 21.347361705214286,
    "psa_c_r_mean": 20.092947809110033
  },
  "32": {
    "psa_r_mean": 20.34619154087639,
    "psa_c_r_mean": 19.42784097680919
  },
  "64": {
    "psa_r_mean": 19.87315960285776,
    "psa_c_r_mean": 19.155617495861925
  },
  "128": {
    "psa_r_mean": 19.581260907837645,
    "psa_c_r_mean": 19.11215734296007
  },
  "256": {
    "psa_r_mean": 19.32330978802765,
    "psa_c_r_mean": 19.00140021040053
  }
}