{
  "2": {
    "gonzalez": {
      "r": {
        "mean": 4.894276458004009,
        "median": 4.87667676557048,
        "std": 0.5872617779908261,
        "min": 3.4923142534666543,
        "max": 6.7329234464162795,
        "ratio_to_gonzalez": null
      },
      "sec": {
        "mean": 0.0018809050004347228,
        "median": 0.001822100006393157,
        "std": 0.00022997222830391847,
        "min": 0.0017715000140015036,
        "max": 0.003586100006941706,
        "ratio_to_gonzalez": null
      }
    },
    "da": {
      "r": {
        "mean": 8.651419356507335,
        "median": 7.836037668927011,
        "std": 3.3903569769244295,
        "min": 3.519537648427391,
        "max": 17.90325849445603,
        "ratio_to_gonzalez": 1.7676605379246537
      },
      "c_r": {
        "mean": 4.262742647737035,
        "median": 4.154161757219583,
        "std": 0.5702742614109914,
        "min": 3.3451797812120128,
        "max": 5.843647476496501,
        "ratio_to_gonzalez": 0.87096482683683
      },
      "sec": {
        "mean": 0.0007960830003139563,
        "median": 0.0007796499849064276,
        "std": 6.113061898658693e-05,
        "min": 0.0007306000043172389,
        "max": 0.0011559999838937074,
        "ratio_to_gonzalez": 0.42324466154854296
      }
    },
    "psa": {
      "r": {
        "mean": 4.717188489203202,
        "median": 4.670930695932755,
        "std": 0.6613951319219639,
        "min": 3.51111709938409,
        "max": 6.845018205953022,
        "ratio_to_gonzalez": 0.9638173343250358
      },
      "c_r": {
        "mean": 4.262742647737035,
        "median": 4.154161757219583,
        "std": 0.5702742614109914,
        "min": 3.3451797812120128,
        "max": 5.843647476496501,
        "ratio_to_gonzalez": 0.87096482683683
      },
      "sec": {
        "mean": 0.009060232001065743,
        "median": 0.008983600011561066,
        "std": 0.0006947668972996967,
        "min": 0.007843100000172853,
        "max": 0.012493999995058402,
        "ratio_to_gonzalez": 4.816953540434898
      }
    }
  },
  "4": {
    "gonzalez": {
      "r": {
        "mean": 5.616042062256432,
        "median": 5.5967779030662195,
        "std": 0.5938097239420634,
        "min": 4.273023808528456,
        "max": 7.802547677590045,
        "ratio_to_gonzalez": null
      },
      "sec": {
        "mean": 0.002331560000311583,
        "median": 0.002276899991557002,
        "std": 0.0001746223390844131,
        "min": 0.002224800002295524,
        "max": 0.0030165000061970204,
        "ratio_to_gonzalez": null
      }
    },
    "da": {
      "r": {
        "mean": 9.725185171172283,
        "median": 9.65415199622387,
        "std": 2.9524086581562097,
        "min": 4.701780062137145,
        "max": 18.70650107066355,
        "ratio_to_gonzalez": 1.7316795464428671
      },
      "c_r": {
        "mean": 5.230525121878116,
        "median": 5.257243169657415,
        "std": 0.5566307654689006,
        "min": 4.153678236684435,
        "max": 6.5977775017016596,
        "ratio_to_gonzalez": 0.9313543352943795
      },
      "sec": {
        "mean": 0.000954751999815926,
        "median": 0.0009428499906789511,
        "std": 4.912881803000902e-05,
        "min": 0.000896700017619878,
        "max": 0.0012672000157181174,
        "ratio_to_gonzalez": 0.40949064132526536
      }
    },
    "psa": {
      "r": {
        "mean": 5.775595694895466,
        "median": 5.788570102174225,
        "std": 0.6905726553347217,
        "min": 4.375560722311535,
        "max": 7.842096151286663,
        "ratio_to_gonzalez": 1.0284103343369417
      },
      "c_r": {
        "mean": 5.230525121878116,
        "median": 5.257243169657415,
        "std": 0.5566307654689006,
        "min": 4.153678236684435,
        "max": 6.5977775017016596,
        "ratio_to_gonzalez": 0.9313543352943795
      },
      "sec": {
        "mean": 0.011694154000724665,
        "median": 0.01172020002559293,
        "std": 0.0006464712302896163,
        "min": 0.010472599999047816,
        "max": 0.014332899998407811,
        "ratio_to_gonzalez": 5.015592135377983
      }
    }
  },
  "8": {
    "gonzalez": {
      "r": {
        "mean": 6.692990012808603,
        "median": 6.724472980335918,
        "std": 0.4920118635510412,
        "min": 5.655049165906897,
        "max": 8.369728614353322,
        "ratio_to_gonzalez": null
      },
      "sec": {
        "mean": 0.0032092989992816,
        "median": 0.003144999995129183,
        "std": 0.00024371264248878848,
        "min": 0.00307730000349693,
        "max": 0.004576300008920953,
        "ratio_to_gonzalez": null
      }
    },
    "da": {
      "r": {
        "mean": 14.28080051638857,
        "median": 14.154957546899293,
        "std": 3.6083070923321565,
        "min": 6.951625094339569,
        "max": 28.27106335706879,
        "ratio_to_gonzalez": 2.133695177948707
      },
      "c_r": {
        "mean": 6.263492778126534,
        "median": 6.228331293815142,
        "std": 0.5050881680473863,
        "min": 5.247102510860799,
        "max": 7.842843744663523,
        "ratio_to_gonzalez": 0.9358287949242229
      },
      "sec": {
        "mean": 0.0013195030007045717,
        "median": 0.0012895500112790614,
        "std": 0.00015434268268237845,
        "min": 0.0012370999902486801,
        "max": 0.0026338000025134534,
        "ratio_to_gonzalez": 0.41114991186547023
      }
    },
    "psa": {
      "r": {
        "mean": 6.904128077602394,
        "median": 6.81073808547958,
        "std": 0.6514229872741902,
        "min": 5.593779317504548,
        "max": 9.04214004059989,
        "ratio_to_gonzalez": 1.0315461496864224
      },
      "c_r": {
        "mean": 6.263492778126534,
        "median": 6.228331293815142,
        "std": 0.5050881680473863,
        "min": 5.247102510860799,
        "max": 7.842843744663523,
        "ratio_to_gonzalez": 0.9358287949242229
      },
      "sec": {
        "mean": 0.016503971998754422,
        "median": 0.016438649996416643,
        "std": 0.0008234055704568521,
        "min": 0.01477310000336729,
        "max": 0.019473199994536117,
        "ratio_to_gonzalez": 5.142547329634549
      }
    }
  },
  "16": {
    "gonzalez": {
      "r": {
        "mean": 8.307062593923401,
        "median": 8.290156195626015,
        "std": 0.582631516299153,
        "min": 7.142691628949102,
        "max": 10.092674310774301,
        "ratio_to_gonzalez": null
      },
      "sec": {
        "mean": 0.004984820999961812,
        "median": 0.00488555000629276,
        "std": 0.0005302950507590835,
        "min": 0.004784099990502,
        "max": 0.009814999997615814,
        "ratio_to_gonzalez": null
      }
    },
    "da": {
      "r": {
        "mean": 19.829669294532835,
        "median": 19.7351044852291,
        "std": 3.215446756926356,
        "min": 12.552069278271253,
        "max": 26.826785575362965,
        "ratio_to_gonzalez": 2.3870855757170046
      },
      "c_r": {
        "mean": 8.03377926171588,
        "median": 8.022977036008694,
        "std": 0.47631989304022926,
        "min": 7.088213143337943,
        "max": 9.252993145831299,
        "ratio_to_gonzalez": 0.9671022904766088
      },
      "sec": {
        "mean": 0.0020209360000444576,
        "median": 0.0019674499926622957,
        "std": 0.00024468716834227805,
        "min": 0.0018906000186689198,
        "max": 0.003491000010399148,
        "ratio_to_gonzalez": 0.40541796787887463
      }
    },
    "psa": {
      "r": {
        "mean": 8.820890229693715,
        "median": 8.823744316270478,
        "std": 0.6913037364335879,
        "min": 7.25908652992107,
        "max": 10.534206254072032,
        "ratio_to_gonzalez": 1.0618543113116996
      },
      "c_r": {
        "mean": 8.03377926171588,
        "median": 8.022977036008694,
        "std": 0.47631989304022926,
        "min": 7.088213143337943,
        "max": 9.252993145831299,
        "ratio_to_gonzalez": 0.9671022904766088
      },